Fiesta Square Mug Tangerine,'923325,https://cdn.shopify.com/s/files/1/0003/9541/1508/products/923330.png?v=1630423288
Fiesta Square Mug Peacock,'923327,https://cdn.shopify.com/s/files/1/0003/9541/1508/products/923325.jpg?v=1630423288
Fiesta Square Mug Sage,'923340,https://cdn.shopify.com/s/files/1/0003/9541/1508/products/923339.png?v=1630423288
Fiesta Square Mug Claret,'923341,https://cdn.shopify.com/s/files/1/0003/9541/1508/products/923340.jpg?v=1630423288
Fiesta Square Mug Ivory,'923330,https://cdn.shopify.com/s/files/1/0003/9541/1508/products/923341.png?v=1630423288
Fiesta Square Mug Slate,'923339,https://cdn.shopify.com/s/files/1/0003/9541/1508/products/fiesta-sq-peacock.png?v=1630423288
Fiesta Square Mug Shamrock,'923324,https://cdn.shopify.com/s/files/1/0003/9541/1508/products/923324.png?v=1630718760
Fiesta Square Mug White,'923100,https://cdn.shopify.com/s/files/1/0003/9541/1508/products/923335.png?v=1630718760
Fiesta Square Bowl Black,'922101,https://cdn.shopify.com/s/files/1/0003/9541/1508/products/922101.png?v=1630412572
Fiesta Square Bowl Shamrock,'922324,https://cdn.shopify.com/s/files/1/0003/9541/1508/products/922324.png?v=1637677355
Fiesta Square Bowl Peacock,'922327,https://cdn.shopify.com/s/files/1/0003/9541/1508/products/922327.png?v=1640395300